id,name,price,description,image_url,category
1,Orthopedic Dog Bed,55.00,High quality foam...,https://unsplash.com,Dogs
2,Cat Tree Tower,89.99,Stable and fun...,https://unsplash.com,Cats
3,Cat Tree Tower,89.99,Stable and fun...,https://unsplash.com,Cats
4,Cat Tree Tower,89.99,Stable and fun...,https://unsplash.com,Cats
5,Cat Tree Tower,89.99,Stable and fun...,https://unsplash.com,Cats
6,Cat Tree Tower,89.99,Stable and fun...,https://unsplash.com,Cats
7,Cat Tree Tower,89.99,Stable and fun...,https://unsplash.com,Cats
8,Cat Tree Tower,89.99,Stable and fun...,https://unsplash.com,Cats
9,Cat Tree Tower,89.99,Stable and fun...,https://unsplash.com,Cats
10,Cat Tree Tower,89.99,Stable and fun...,https://unsplash.com,Cats
11,Cat Tree Tower,89.99,Stable and fun...,https://unsplash.com,Cats
12,Cat Tree Tower,89.99,Stable and fun...,https://unsplash.com,Cats
13,Cat Tree Tower,89.99,Stable and fun...,https://unsplash.com,Cats
14,Cat Tree Tower,89.99,Stable and fun...,https://unsplash.com,Cats
15,Cat Tree Tower,89.99,Stable and fun...,https://unsplash.com,Cats
16,Cat Tree Tower,89.99,Stable and fun...,https://unsplash.com,Cats
17,Cat Tree Tower,89.99,Stable and fun...,https://unsplash.com,Cats
18,Cat Tree Tower,89.99,Stable and fun...,https://unsplash.com,Cats
19,Cat Tree Tower,89.99,Stable and fun...,https://unsplash.com,Cats
20,Cat Tree Tower,89.99,Stable and fun...,https://unsplash.com,Cats
21,Cat Tree Tower,89.99,Stable and fun...,https://unsplash.com,Cats
22,Cat Tree Tower,89.99,Stable and fun...,https://unsplash.com,Cats
23,Cat Tree Tower,89.99,Stable and fun...,https://unsplash.com,Cats
24,Cat Tree Tower,89.99,Stable and fun...,https://unsplash.com,Cats
25,Cat Tree Tower,89.99,Stable and fun...,https://unsplash.com,Cats
26,Cat Tree Tower,89.99,Stable and fun...,https://unsplash.com,Cats
27,Cat Tree Tower,89.99,Stable and fun...,https://unsplash.com,Cats
28,Cat Tree Tower,89.99,Stable and fun...,https://unsplash.com,Cats
29,Cat Tree Tower,89.99,Stable and fun...,https://unsplash.com,Cats
30,Cat Tree Tower,89.99,Stable and fun...,https://unsplash.com,Cats
31,Cat Tree Tower,89.99,Stable and fun...,https://unsplash.com,Cats
32,Cat Tree Tower,89.99,Stable and fun...,https://unsplash.com,Cats
33,Cat Tree Tower,89.99,Stable and fun...,https://unsplash.com,Cats
34,Cat Tree Tower,89.99,Stable and fun...,https://unsplash.com,Cats
35,Cat Tree Tower,89.99,Stable and fun...,https://unsplash.com,Cats
36,Cat Tree Tower,89.99,Stable and fun...,https://unsplash.com,Cats
37,Cat Tree Tower,89.99,Stable and fun...,https://unsplash.com,Cats
38,Cat Tree Tower,89.99,Stable and fun...,https://unsplash.com,Cats
39,Cat Tree Tower,89.99,Stable and fun...,https://unsplash.com,Cats
40,Cat Tree Tower,89.99,Stable and fun...,https://unsplash.com,Cats
41,Cat Tree Tower,89.99,Stable and fun...,https://unsplash.com,Cats
42,Orthopedic Dog Bed,55.00,High quality foam...,https://unsplash.com,Dogs
43,Orthopedic Dog Bed,55.00,High quality foam...,https://unsplash.com,Dogs
44,Orthopedic Dog Bed,55.00,High quality foam...,https://unsplash.com,Dogs
45,Orthopedic Dog Bed,55.00,High quality foam...,https://unsplash.com,Dogs
46,Orthopedic Dog Bed,55.00,High quality foam...,https://unsplash.com,Dogs
47,Orthopedic Dog Bed,55.00,High quality foam...,https://unsplash.com,Dogs
48,Orthopedic Dog Bed,55.00,High quality foam...,https://unsplash.com,Dogs
49,Orthopedic Dog Bed,55.00,High quality foam...,https://unsplash.com,Dogs
50,Orthopedic Dog Bed,55.00,High quality foam...,https://unsplash.com,Dogs
51,Orthopedic Dog Bed,55.00,High quality foam...,https://unsplash.com,Dogs
52,Orthopedic Dog Bed,55.00,High quality foam...,https://unsplash.com,Dogs
53,Orthopedic Dog Bed,55.00,High quality foam...,https://unsplash.com,Dogs
54,Orthopedic Dog Bed,55.00,High quality foam...,https://unsplash.com,Dogs
55,Orthopedic Dog Bed,55.00,High quality foam...,https://unsplash.com,Dogs
56,Orthopedic Dog Bed,55.00,High quality foam...,https://unsplash.com,Dogs
57,Orthopedic Dog Bed,55.00,High quality foam...,https://unsplash.com,Dogs
58,Orthopedic Dog Bed,55.00,High quality foam...,https://unsplash.com,Dogs
59,Orthopedic Dog Bed,55.00,High quality foam...,https://unsplash.com,Cats
60,Orthopedic Dog Bed,55.00,High quality foam...,https://unsplash.com,Cats
61,Orthopedic Dog Bed,55.00,High quality foam...,https://unsplash.com,Cats
62,Orthopedic Dog Bed,55.00,High quality foam...,https://unsplash.com,Cats
63,Orthopedic Dog Bed,55.00,High quality foam...,https://unsplash.com,Cats
64,Orthopedic Dog Bed,55.00,High quality foam...,https://unsplash.com,Cats
65,Orthopedic Dog Bed,55.00,High quality foam...,https://unsplash.com,Cats
66,Orthopedic Dog Bed,55.00,High quality foam...,https://unsplash.com,Cats
67,Orthopedic Dog Bed,55.00,High quality foam...,https://unsplash.com,Cats
68,Orthopedic Dog Bed,55.00,High quality foam...,https://unsplash.com,Cats
69,Orthopedic Dog Bed,55.00,High quality foam...,https://unsplash.com,Cats
70,Orthopedic Dog Bed,55.00,High quality foam...,https://unsplash.com,Cats
71,Orthopedic Dog Bed,55.00,High quality foam...,https://unsplash.com,Cats
72,Orthopedic Dog Bed,55.00,High quality foam...,https://unsplash.com,Cats
73,Orthopedic Dog Bed,55.00,High quality foam...,https://unsplash.com,Cats
74,Orthopedic Dog Bed,55.00,High quality foam...,https://unsplash.com,Cats
75,Orthopedic Dog Bed,55.00,High quality foam...,https://unsplash.com,Cats
76,Orthopedic Dog Bed,55.00,High quality foam...,https://unsplash.com,Cats
77,Orthopedic Dog Bed,55.00,High quality foam...,https://unsplash.com,Cats
78,Orthopedic Dog Bed,55.00,High quality foam...,https://unsplash.com,Cats
79,Orthopedic Dog Bed,55.00,High quality foam...,https://unsplash.com,Cats
80,Orthopedic Dog Bed,55.00,High quality foam...,https://unsplash.com,Cats
81,Orthopedic Dog Bed,55.00,High quality foam...,https://unsplash.com,Cats
82,Orthopedic Dog Bed,55.00,High quality foam...,https://unsplash.com,Cats
83,Orthopedic Dog Bed,55.00,High quality foam...,https://unsplash.com,Cats
84,Orthopedic Dog Bed,55.00,High quality foam...,https://unsplash.com,Cats
85,Orthopedic Dog Bed,55.00,High quality foam...,https://unsplash.com,Cats
86,Orthopedic Dog Bed,55.00,High quality foam...,https://unsplash.com,Cats
87,Orthopedic Dog Bed,55.00,High quality foam...,https://unsplash.com,Cats
88,Orthopedic Dog Bed,55.00,High quality foam...,https://unsplash.com,Cats
89,Orthopedic Dog Bed,55.00,High quality foam...,https://unsplash.com,Cats
90,Orthopedic Dog Bed,55.00,High quality foam...,https://unsplash.com,Cats
91,Orthopedic Dog Bed,55.00,High quality foam...,https://unsplash.com,Cats
92,Orthopedic Dog Bed,55.00,High quality foam...,https://unsplash.com,Cats
93,Orthopedic Dog Bed,55.00,High quality foam...,https://unsplash.com,Cats
94,Orthopedic Dog Bed,55.00,High quality foam...,https://unsplash.com,Cats
95,Orthopedic Dog Bed,55.00,High quality foam...,https://unsplash.com,Accesories
96,Orthopedic Dog Bed,55.00,High quality foam...,https://unsplash.com,Accesories
97,Orthopedic Dog Bed,55.00,High quality foam...,https://unsplash.com,Accesories
98,Orthopedic Dog Bed,55.00,High quality foam...,https://unsplash.com,Accesories
99,Orthopedic Dog Bed,55.00,High quality foam...,https://unsplash.com,Accesories
100,Orthopedic Dog Bed,55.00,High quality foam...,https://unsplash.com,Accesories
101,Orthopedic Dog Bed,55.00,High quality foam...,https://unsplash.com,Accesories
102,Orthopedic Dog Bed,55.00,High quality foam...,https://unsplash.com,Accesories
103,Orthopedic Dog Bed,55.00,High quality foam...,https://unsplash.com,Accesories
104,Orthopedic Dog Bed,55.00,High quality foam...,https://unsplash.com,Accesories
105,Orthopedic Dog Bed,55.00,High quality foam...,https://unsplash.com,Accesories
106,Orthopedic Dog Bed,55.00,High quality foam...,https://unsplash.com,Accesories
107,Orthopedic Dog Bed,55.00,High quality foam...,https://unsplash.com,Accesories
108,Orthopedic Dog Bed,55.00,High quality foam...,https://unsplash.com,Accesories
109,Orthopedic Dog Bed,55.00,High quality foam...,https://unsplash.com,Accesories
110,Orthopedic Dog Bed,55.00,High quality foam...,https://unsplash.com,Accesories
111,Orthopedic Dog Bed,55.00,High quality foam...,https://unsplash.com,Accesories
112,Orthopedic Dog Bed,55.00,High quality foam...,https://unsplash.com,Accesories
113,Orthopedic Dog Bed,55.00,High quality foam...,https://unsplash.com,Accesories
114,Orthopedic Dog Bed,55.00,High quality foam...,https://unsplash.com,Accesories
115,Orthopedic Dog Bed,55.00,High quality foam...,https://unsplash.com,Accesories
116,Orthopedic Dog Bed,55.00,High quality foam...,https://unsplash.com,Accesories
117,Orthopedic Dog Bed,55.00,High quality foam...,https://unsplash.com,Accesories
118,Orthopedic Dog Bed,55.00,High quality foam...,https://unsplash.com,Accesories
119,Orthopedic Dog Bed,55.00,High quality foam...,https://unsplash.com,Accesories
120,Orthopedic Dog Bed,55.00,High quality foam...,https://unsplash.com,Accesories
121,Orthopedic Dog Bed,55.00,High quality foam...,https://unsplash.com,Accesories
122,Orthopedic Dog Bed,55.00,High quality foam...,https://unsplash.com,Accesories
123,Orthopedic Dog Bed,55.00,High quality foam...,https://unsplash.com,Accesories
124,Orthopedic Dog Bed,55.00,High quality foam...,https://unsplash.com,Accesories
125,Orthopedic Dog Bed,55.00,High quality foam...,https://unsplash.com,Accesories
126,Orthopedic Dog Bed,55.00,High quality foam...,https://unsplash.com,Accesories
127,Orthopedic Dog Bed,55.00,High quality foam...,https://unsplash.com,Accesories
128,Orthopedic Dog Bed,55.00,High quality foam...,https://unsplash.com,Accesories
129,Orthopedic Dog Bed,55.00,High quality foam...,https://unsplash.com,Accesories
130,Orthopedic Dog Bed,55.00,High quality foam...,https://unsplash.com,Accesories
131,Orthopedic Dog Bed,55.00,High quality foam...,https://unsplash.com,Accesories
132,Orthopedic Dog Bed,55.00,High quality foam...,https://unsplash.com,Accesories
133,Orthopedic Dog Bed,55.00,High quality foam...,https://unsplash.com,Accesories
134,Orthopedic Dog Bed,55.00,High quality foam...,https://unsplash.com,Accesories
135,Orthopedic Dog Bed,55.00,High quality foam...,https://unsplash.com,Accesories
136,Orthopedic Dog Bed,55.00,High quality foam...,https://unsplash.com,Accesories
137,Orthopedic Dog Bed,55.00,High quality foam...,https://unsplash.com,Accesories
138,Orthopedic Dog Bed,55.00,High quality foam...,https://unsplash.com,Accesories
139,Orthopedic Dog Bed,55.00,High quality foam...,https://unsplash.com,Accesories
140,Orthopedic Dog Bed,55.00,High quality foam...,https://unsplash.com,Accesories
141,Orthopedic Dog Bed,55.00,High quality foam...,https://unsplash.com,Accesories
142,Orthopedic Dog Bed,55.00,High quality foam...,https://unsplash.com,Accesories
143,Orthopedic Dog Bed,55.00,High quality foam...,https://unsplash.com,Accesories
144,Orthopedic Dog Bed,55.00,High quality foam...,https://unsplash.com,Accesories
145,Orthopedic Dog Bed,55.00,High quality foam...,https://unsplash.com,Accesories
146,Orthopedic Dog Bed,55.00,High quality foam...,https://unsplash.com,Accesories
147,Orthopedic Dog Bed,55.00,High quality foam...,https://unsplash.com,Accesories
148,Orthopedic Dog Bed,55.00,High quality foam...,https://unsplash.com,Accesories
149,Orthopedic Dog Bed,55.00,High quality foam...,https://unsplash.com,Accesories
150,Orthopedic Dog Bed,55.00,High quality foam...,https://unsplash.com,Accesories
151,Orthopedic Dog Bed,55.00,High quality foam...,https://unsplash.com,Accesories
152,Orthopedic Dog Bed,55.00,High quality foam...,https://unsplash.com,Accesories
153,Orthopedic Dog Bed,55.00,High quality foam...,https://unsplash.com,Accesories
154,Orthopedic Dog Bed,55.00,High quality foam...,https://unsplash.com,Accesories
155,Orthopedic Dog Bed,55.00,High quality foam...,https://unsplash.com,Accesories
156,Orthopedic Dog Bed,55.00,High quality foam...,https://unsplash.com,Accesories
157,Orthopedic Dog Bed,55.00,High quality foam...,https://unsplash.com,Accesories
158,Orthopedic Dog Bed,55.00,High quality foam...,https://unsplash.com,Accesories
159,Orthopedic Dog Bed,55.00,High quality foam...,https://unsplash.com,Accesories
160,Orthopedic Dog Bed,55.00,High quality foam...,https://unsplash.com,Accesories
161,Orthopedic Dog Bed,55.00,High quality foam...,https://unsplash.com,Accesories
162,Orthopedic Dog Bed,55.00,High quality foam...,https://unsplash.com,Accesories
163,Orthopedic Dog Bed,55.00,High quality foam...,https://unsplash.com,Accesories
164,Orthopedic Dog Bed,55.00,High quality foam...,https://unsplash.com,Accesories
165,Orthopedic Dog Bed,55.00,High quality foam...,https://unsplash.com,Accesories
166,Orthopedic Dog Bed,55.00,High quality foam...,https://unsplash.com,Accesories
167,Orthopedic Dog Bed,55.00,High quality foam...,https://unsplash.com,Accesories
168,Orthopedic Dog Bed,55.00,High quality foam...,https://unsplash.com,Accesories
169,Orthopedic Dog Bed,55.00,High quality foam...,https://unsplash.com,Accesories
170,Orthopedic Dog Bed,55.00,High quality foam...,https://unsplash.com,Accesories
171,Orthopedic Dog Bed,55.00,High quality foam...,https://unsplash.com,Accesories
172,Orthopedic Dog Bed,55.00,High quality foam...,https://unsplash.com,Accesories
173,Orthopedic Dog Bed,55.00,High quality foam...,https://unsplash.com,Accesories
174,Orthopedic Dog Bed,55.00,High quality foam...,https://unsplash.com,Accesories
175,Orthopedic Dog Bed,55.00,High quality foam...,https://unsplash.com,Accesories
176,Orthopedic Dog Bed,55.00,High quality foam...,https://unsplash.com,Accesories
177,Orthopedic Dog Bed,55.00,High quality foam...,https://unsplash.com,Accesories
178,Orthopedic Dog Bed,55.00,High quality foam...,https://unsplash.com,Accesories
179,Orthopedic Dog Bed,55.00,High quality foam...,https://unsplash.com,Accesories
180,Orthopedic Dog Bed,55.00,High quality foam...,https://unsplash.com,Accesories
181,Orthopedic Dog Bed,55.00,High quality foam...,https://unsplash.com,Accesories
182,Orthopedic Dog Bed,55.00,High quality foam...,https://unsplash.com,Accesories
183,Orthopedic Dog Bed,55.00,High quality foam...,https://unsplash.com,Accesories
184,Orthopedic Dog Bed,55.00,High quality foam...,https://unsplash.com,Accesories
185,Orthopedic Dog Bed,55.00,High quality foam...,https://unsplash.com,Accesories
186,Orthopedic Dog Bed,55.00,High quality foam...,https://unsplash.com,Accesories
187,Orthopedic Dog Bed,55.00,High quality foam...,https://unsplash.com,Accesories
188,Orthopedic Dog Bed,55.00,High quality foam...,https://unsplash.com,Accesories
189,Orthopedic Dog Bed,55.00,High quality foam...,https://unsplash.com,Accesories
190,Orthopedic Dog Bed,55.00,High quality foam...,https://unsplash.com,Accesories
191,Orthopedic Dog Bed,55.00,High quality foam...,https://unsplash.com,Accesories
192,Orthopedic Dog Bed,55.00,High quality foam...,https://unsplash.com,Accesories
193,Orthopedic Dog Bed,55.00,High quality foam...,https://unsplash.com,Accesories
194,Orthopedic Dog Bed,55.00,High quality foam...,https://unsplash.com,Accesories
195,Orthopedic Dog Bed,55.00,High quality foam...,https://unsplash.com,Accesories
196,Orthopedic Dog Bed,55.00,High quality foam...,https://unsplash.com,Accesories
197,Orthopedic Dog Bed,55.00,High quality foam...,https://unsplash.com,Accesories
198,Orthopedic Dog Bed,55.00,High quality foam...,https://unsplash.com,Accesories
199,Orthopedic Dog Bed,55.00,High quality foam...,https://unsplash.com,Accesories